rank,file,t_sec,score,U,A,D,n_boxes,n_ambiguous,empty,selected
1,frame_0073.jpg,29.2,0.8086,0.7673,0.75,1,7,6,FALSE,TRUE
2,frame_0074.jpg,29.6,0.7413,0.7827,0.5,1,7,4,FALSE,FALSE
3,frame_0000.jpg,0,0.7032,0.7814,0.375,1,6,3,FALSE,TRUE
4,frame_0033.jpg,13.2,0.6923,0.6846,0.5,1,7,4,FALSE,TRUE
5,frame_0130.jpg,52,0.6844,0.7757,0.375,0.92,3,3,FALSE,TRUE
6,frame_0004.jpg,1.6,0.6681,0.6362,0.5,1,4,4,FALSE,FALSE
7,frame_0328.jpg,131.2,0.6601,0.6881,1,0.08,10,8,FALSE,TRUE
8,frame_0070.jpg,28,0.6533,0.6817,0.375,1,5,3,FALSE,FALSE
9,frame_0124.jpg,49.6,0.6508,0.6546,0.625,0.68,6,5,FALSE,TRUE
10,frame_0008.jpg,3.2,0.6494,0.7487,0.25,1,3,2,FALSE,TRUE
11,frame_0001.jpg,0.4,0.6493,0.6737,0.375,1,7,3,FALSE,FALSE
12,frame_0291.jpg,116.4,0.6473,0.6586,0.5,0.84,6,4,FALSE,TRUE
13,frame_0298.jpg,119.2,0.6384,0.6778,0.625,0.56,6,5,FALSE,TRUE
14,frame_0072.jpg,28.8,0.6381,0.6512,0.375,1,6,3,FALSE,FALSE
15,frame_0015.jpg,6,0.6355,0.6459,0.375,1,3,3,FALSE,TRUE
16,frame_0294.jpg,117.6,0.6314,0.6748,0.5,0.72,5,4,FALSE,FALSE
17,frame_0031.jpg,12.4,0.6297,0.5594,0.5,1,7,4,FALSE,FALSE
18,frame_0023.jpg,9.2,0.6282,0.7814,0.125,1,1,1,FALSE,TRUE
19,frame_0032.jpg,12.8,0.6239,0.6228,0.375,1,6,3,FALSE,FALSE
20,frame_0276.jpg,110.4,0.6229,0.8497,0.5,0.24,7,4,FALSE,TRUE
21,frame_0069.jpg,27.6,0.622,0.6189,0.375,1,5,3,FALSE,FALSE
22,frame_0071.jpg,28.4,0.6217,0.6184,0.375,1,6,3,FALSE,FALSE
23,frame_0379.jpg,151.6,0.6191,0.7722,0.75,0.04,8,6,FALSE,FALSE
24,frame_0129.jpg,51.6,0.6146,0.6522,0.375,0.88,5,3,FALSE,FALSE
25,frame_0297.jpg,118.8,0.6099,0.6049,0.625,0.6,8,5,FALSE,FALSE
26,frame_0280.jpg,112,0.6076,0.8301,0.375,0.4,5,3,FALSE,FALSE
27,frame_0067.jpg,26.8,0.6044,0.5088,0.5,1,7,4,FALSE,FALSE
28,frame_0176.jpg,70.4,0.6036,0.7361,0.625,0.24,6,5,FALSE,FALSE
29,frame_0016.jpg,6.4,0.6015,0.503,0.5,1,4,4,FALSE,FALSE
30,frame_0017.jpg,6.8,0.5981,0.5712,0.375,1,3,3,FALSE,FALSE
31,frame_0377.jpg,150.8,0.5977,0.6974,0.75,0.12,9,6,FALSE,FALSE
32,frame_0005.jpg,2,0.594,0.5631,0.375,1,5,3,FALSE,FALSE
33,frame_0131.jpg,52.4,0.5927,0.5765,0.375,0.96,4,3,FALSE,FALSE
34,frame_0368.jpg,147.2,0.5878,0.7847,0.625,0.04,9,5,FALSE,FALSE
35,frame_0387.jpg,154.8,0.5863,0.7925,0.5,0.2,9,4,FALSE,FALSE
36,frame_0170.jpg,68,0.5788,0.5906,0.625,0.48,5,5,FALSE,FALSE
37,frame_0075.jpg,30,0.5777,0.6214,0.25,0.96,6,2,FALSE,FALSE
38,frame_0286.jpg,114.4,0.5765,0.597,0.5,0.64,6,4,FALSE,FALSE
39,frame_0076.jpg,30.4,0.5744,0.5558,0.375,0.92,7,3,FALSE,FALSE
40,frame_0068.jpg,27.2,0.5741,0.4482,0.5,1,5,4,FALSE,FALSE
41,frame_0275.jpg,110,0.5739,0.6178,0.75,0.2,7,6,FALSE,FALSE
42,frame_0079.jpg,31.6,0.5737,0.5275,0.5,0.8,6,4,FALSE,FALSE
43,frame_0030.jpg,12,0.573,0.4459,0.5,1,7,4,FALSE,FALSE
44,frame_0006.jpg,2.4,0.5703,0.5156,0.375,1,4,3,FALSE,FALSE
45,frame_0367.jpg,146.8,0.5683,0.7295,0.625,0.08,7,5,FALSE,FALSE
46,frame_0007.jpg,2.8,0.5677,0.5855,0.25,1,4,2,FALSE,FALSE
47,frame_0388.jpg,155.2,0.5663,0.6936,0.625,0.16,8,5,FALSE,FALSE
48,frame_0003.jpg,1.2,0.565,0.43,0.5,1,6,4,FALSE,FALSE
49,frame_0168.jpg,67.2,0.5634,0.6778,0.375,0.56,5,3,FALSE,FALSE
50,frame_0398.jpg,159.2,0.5634,0.7308,0.5,0.24,7,4,FALSE,FALSE
51,frame_0397.jpg,158.8,0.5582,0.7363,0.5,0.2,7,4,FALSE,FALSE
52,frame_0122.jpg,48.8,0.558,0.651,0.375,0.6,3,3,FALSE,FALSE
53,frame_0386.jpg,154.4,0.5564,0.5668,0.75,0.24,8,6,FALSE,FALSE
54,frame_0293.jpg,117.2,0.5557,0.5824,0.375,0.76,5,3,FALSE,FALSE
55,frame_0374.jpg,149.6,0.5542,0.7284,0.5,0.2,9,4,FALSE,FALSE
56,frame_0278.jpg,111.2,0.553,0.6779,0.5,0.32,8,4,FALSE,FALSE
57,frame_0376.jpg,150.4,0.5505,0.737,0.5,0.16,8,4,FALSE,FALSE
58,frame_0128.jpg,51.2,0.5499,0.6137,0.25,0.84,6,2,FALSE,FALSE
59,frame_0126.jpg,50.4,0.5431,0.4822,0.5,0.76,6,4,FALSE,FALSE
60,frame_0029.jpg,11.6,0.5429,0.4607,0.375,1,4,3,FALSE,FALSE
61,frame_0026.jpg,10.4,0.5393,0.5287,0.25,1,3,2,FALSE,FALSE
62,frame_0295.jpg,118,0.537,0.5769,0.375,0.68,5,3,FALSE,FALSE
63,frame_0175.jpg,70,0.5357,0.5843,0.625,0.28,7,5,FALSE,FALSE
64,frame_0132.jpg,52.8,0.5353,0.4456,0.375,1,5,3,FALSE,FALSE
65,frame_0077.jpg,30.8,0.531,0.6349,0.125,0.88,7,1,FALSE,FALSE
66,frame_0330.jpg,132,0.5293,0.8176,0.375,0.04,7,3,FALSE,FALSE
67,frame_0318.jpg,127.2,0.5276,0.5092,0.75,0.24,6,6,FALSE,FALSE
68,frame_0288.jpg,115.2,0.5235,0.459,0.5,0.72,5,4,FALSE,FALSE
69,frame_0018.jpg,7.2,0.5227,0.4953,0.25,1,5,2,FALSE,FALSE
70,frame_0302.jpg,120.8,0.521,0.6569,0.375,0.4,4,3,FALSE,FALSE
71,frame_0306.jpg,122.4,0.5181,0.6403,0.5,0.24,5,4,FALSE,FALSE
72,frame_0123.jpg,49.2,0.5164,0.5518,0.375,0.64,5,3,FALSE,FALSE
73,frame_0167.jpg,66.8,0.5127,0.5604,0.375,0.6,6,3,FALSE,FALSE
74,frame_0287.jpg,114.8,0.5124,0.6028,0.25,0.68,4,2,FALSE,FALSE
75,frame_0301.jpg,120.4,0.5123,0.5486,0.5,0.44,5,4,FALSE,FALSE
76,frame_0320.jpg,128,0.5121,0.5531,0.625,0.24,6,5,FALSE,FALSE
77,frame_0274.jpg,109.6,0.5102,0.5814,0.625,0.16,7,5,FALSE,FALSE
78,frame_0010.jpg,4,0.5096,0.5442,0.125,1,2,1,FALSE,FALSE
79,frame_0020.jpg,8,0.5093,0.4687,0.25,1,3,2,FALSE,FALSE
80,frame_0169.jpg,67.6,0.5093,0.6606,0.25,0.52,6,2,FALSE,FALSE
81,frame_0373.jpg,149.2,0.5079,0.5768,0.625,0.16,8,5,FALSE,FALSE
82,frame_0277.jpg,110.8,0.5076,0.6781,0.375,0.28,8,3,FALSE,FALSE
83,frame_0378.jpg,151.2,0.5073,0.6076,0.625,0.08,9,5,FALSE,FALSE
84,frame_0105.jpg,42,0.4998,0.6675,0.5,0.08,7,4,FALSE,FALSE
85,frame_0303.jpg,121.2,0.4995,0.6301,0.375,0.36,6,3,FALSE,FALSE
86,frame_0375.jpg,150,0.4985,0.7669,0.25,0.2,8,2,FALSE,FALSE
87,frame_0370.jpg,148,0.4968,0.6776,0.5,0.04,9,4,FALSE,FALSE
88,frame_0285.jpg,114,0.4946,0.5992,0.25,0.6,5,2,FALSE,FALSE
89,frame_0096.jpg,38.4,0.4931,0.6383,0.5,0.12,5,4,FALSE,FALSE
90,frame_0002.jpg,0.8,0.4924,0.4348,0.25,1,6,2,FALSE,FALSE
91,frame_0315.jpg,126,0.4905,0.7081,0.375,0.12,6,3,FALSE,FALSE
92,frame_0083.jpg,33.2,0.4889,0.5719,0.25,0.64,2,2,FALSE,FALSE
93,frame_0009.jpg,3.6,0.4877,0.4254,0.25,1,2,2,FALSE,FALSE
94,frame_0085.jpg,34,0.484,0.594,0.25,0.56,4,2,FALSE,FALSE
95,frame_0183.jpg,73.2,0.4803,0.7196,0.375,0.04,4,3,FALSE,FALSE
96,frame_0389.jpg,155.6,0.4771,0.6063,0.5,0.12,6,4,FALSE,FALSE
97,frame_0284.jpg,113.6,0.4764,0.5787,0.25,0.56,5,2,FALSE,FALSE
98,frame_0082.jpg,32.8,0.4754,0.5288,0.25,0.68,3,2,FALSE,FALSE
99,frame_0384.jpg,153.6,0.4747,0.5853,0.5,0.16,7,4,FALSE,FALSE
100,frame_0127.jpg,50.8,0.4746,0.4792,0.25,0.8,7,2,FALSE,FALSE
101,frame_0296.jpg,118.4,0.4746,0.4681,0.375,0.64,6,3,FALSE,FALSE
102,frame_0329.jpg,131.6,0.4744,0.6167,0.5,0.08,10,4,FALSE,FALSE
103,frame_0184.jpg,73.6,0.4738,0.6157,0.5,0.08,5,4,FALSE,FALSE
104,frame_0095.jpg,38,0.4737,0.5833,0.5,0.16,6,4,FALSE,FALSE
105,frame_0399.jpg,159.6,0.4725,0.608,0.375,0.28,6,3,FALSE,FALSE
106,frame_0231.jpg,92.4,0.4722,0.5054,0.625,0.16,7,5,FALSE,FALSE
107,frame_0396.jpg,158.4,0.4722,0.6555,0.375,0.16,6,3,FALSE,FALSE
108,frame_0317.jpg,126.8,0.4718,0.5637,0.5,0.2,6,4,FALSE,FALSE
109,frame_0019.jpg,7.6,0.4714,0.4679,0.125,1,2,1,FALSE,FALSE
110,frame_0283.jpg,113.2,0.4704,0.5078,0.375,0.52,5,3,FALSE,FALSE
111,frame_0089.jpg,35.6,0.4703,0.4806,0.5,0.4,5,4,FALSE,FALSE
112,frame_0027.jpg,10.8,0.4692,0.3883,0.25,1,3,2,FALSE,FALSE
113,frame_0332.jpg,132.8,0.4667,0.6923,0.375,0.04,8,3,FALSE,FALSE
114,frame_0395.jpg,158,0.4664,0.5848,0.5,0.12,6,4,FALSE,FALSE
115,frame_0186.jpg,74.4,0.4647,0.5384,0.625,0.04,9,5,FALSE,FALSE
116,frame_0133.jpg,53.2,0.4641,0.3782,0.25,1,4,2,FALSE,FALSE
117,frame_0292.jpg,116.8,0.4641,0.4582,0.25,0.8,5,2,FALSE,FALSE
118,frame_0382.jpg,152.8,0.4607,0.6644,0.375,0.08,7,3,FALSE,FALSE
119,frame_0391.jpg,156.4,0.4596,0.6031,0.5,0.04,9,4,FALSE,FALSE
120,frame_0209.jpg,83.6,0.4588,0.4796,0.25,0.72,3,2,FALSE,FALSE
121,frame_0289.jpg,115.6,0.4544,0.5298,0.125,0.76,5,1,FALSE,FALSE
122,frame_0111.jpg,44.4,0.4516,0.6891,0.25,0.16,3,2,FALSE,FALSE
123,frame_0078.jpg,31.2,0.4501,0.4142,0.25,0.84,5,2,FALSE,FALSE
124,frame_0115.jpg,46,0.4501,0.4722,0.5,0.32,5,4,FALSE,FALSE
125,frame_0103.jpg,41.2,0.4498,0.5356,0.5,0.16,5,4,FALSE,FALSE
126,frame_0216.jpg,86.4,0.449,0.6469,0.125,0.44,3,1,FALSE,FALSE
127,frame_0210.jpg,84,0.4484,0.3997,0.375,0.68,3,3,FALSE,FALSE
128,frame_0300.jpg,120,0.4482,0.4794,0.375,0.48,5,3,FALSE,FALSE
129,frame_0290.jpg,116,0.4478,0.5006,0.125,0.8,6,1,FALSE,FALSE
130,frame_0011.jpg,4.4,0.4477,0.4204,0.125,1,4,1,FALSE,FALSE
131,frame_0316.jpg,126.4,0.4475,0.531,0.5,0.16,6,4,FALSE,FALSE
132,frame_0125.jpg,50,0.4469,0.3808,0.375,0.72,6,3,FALSE,FALSE
133,frame_0028.jpg,11.2,0.4461,0.3423,0.25,1,4,2,FALSE,FALSE
134,frame_0120.jpg,48,0.4458,0.5336,0.25,0.52,4,2,FALSE,FALSE
135,frame_0087.jpg,34.8,0.4439,0.5458,0.25,0.48,3,2,FALSE,FALSE
136,frame_0188.jpg,75.2,0.4433,0.5706,0.5,0.04,6,4,FALSE,FALSE
137,frame_0098.jpg,39.2,0.443,0.57,0.5,0.04,5,4,FALSE,FALSE
138,frame_0114.jpg,45.6,0.4401,0.4683,0.5,0.28,7,4,FALSE,FALSE
139,frame_0305.jpg,122,0.4393,0.5416,0.375,0.28,5,3,FALSE,FALSE
140,frame_0371.jpg,148.4,0.4387,0.5454,0.5,0.08,7,4,FALSE,FALSE
141,frame_0279.jpg,111.6,0.4354,0.5768,0.25,0.36,6,2,FALSE,FALSE
142,frame_0385.jpg,154,0.4315,0.5581,0.375,0.2,8,3,FALSE,FALSE
143,frame_0327.jpg,130.8,0.4233,0.6805,0.25,0.04,9,2,FALSE,FALSE
144,frame_0014.jpg,5.6,0.4214,0.4428,0,1,3,0,FALSE,FALSE
145,frame_0322.jpg,128.8,0.4204,0.5519,0.375,0.16,5,3,FALSE,FALSE
146,frame_0185.jpg,74,0.4185,0.655,0.25,0.08,7,2,FALSE,FALSE
147,frame_0106.jpg,42.4,0.4161,0.6662,0.25,0.04,7,2,FALSE,FALSE
148,frame_0081.jpg,32.4,0.4149,0.3918,0.25,0.72,4,2,FALSE,FALSE
149,frame_0390.jpg,156,0.4125,0.568,0.375,0.08,6,3,FALSE,FALSE
150,frame_0321.jpg,128.4,0.4121,0.4441,0.5,0.2,6,4,FALSE,FALSE
151,frame_0299.jpg,119.6,0.4116,0.4652,0.25,0.52,6,2,FALSE,FALSE
152,frame_0113.jpg,45.2,0.41,0.499,0.375,0.24,5,3,FALSE,FALSE
153,frame_0281.jpg,112.4,0.4098,0.6435,0,0.44,3,0,FALSE,FALSE
154,frame_0333.jpg,133.2,0.4079,0.5589,0.375,0.08,7,3,FALSE,FALSE
155,frame_0233.jpg,93.2,0.407,0.643,0.125,0.24,5,1,FALSE,FALSE
156,frame_0119.jpg,47.6,0.4064,0.4708,0.25,0.48,4,2,FALSE,FALSE
157,frame_0097.jpg,38.8,0.4061,0.5551,0.375,0.08,5,3,FALSE,FALSE
158,frame_0021.jpg,8.4,0.404,0.258,0.25,1,6,2,FALSE,FALSE
159,frame_0094.jpg,37.6,0.4034,0.5768,0.25,0.2,4,2,FALSE,FALSE
160,frame_0229.jpg,91.6,0.4001,0.4681,0.5,0.08,8,4,FALSE,FALSE
161,frame_0084.jpg,33.6,0.3993,0.4086,0.25,0.6,4,2,FALSE,FALSE
162,frame_0225.jpg,90,0.3977,0.5385,0.375,0.08,5,3,FALSE,FALSE
163,frame_0381.jpg,152.4,0.3972,0.5534,0.375,0.04,6,3,FALSE,FALSE
164,frame_0024.jpg,9.6,0.3953,0.3156,0.125,1,3,1,FALSE,FALSE
165,frame_0383.jpg,153.2,0.3941,0.5151,0.375,0.12,7,3,FALSE,FALSE
166,frame_0319.jpg,127.6,0.3915,0.446,0.375,0.28,6,3,FALSE,FALSE
167,frame_0207.jpg,82.8,0.3876,0.3052,0.25,0.8,3,2,FALSE,FALSE
168,frame_0228.jpg,91.2,0.3857,0.5304,0.375,0.04,4,3,FALSE,FALSE
169,frame_0272.jpg,108.8,0.3855,0.5139,0.375,0.08,3,3,FALSE,FALSE
170,frame_0121.jpg,48.4,0.3849,0.4708,0.125,0.56,4,1,FALSE,FALSE
171,frame_0304.jpg,121.6,0.3842,0.4904,0.25,0.32,6,2,FALSE,FALSE
172,frame_0177.jpg,70.8,0.3825,0.46,0.375,0.2,5,3,FALSE,FALSE
173,frame_0308.jpg,123.2,0.3739,0.4587,0.375,0.16,6,3,FALSE,FALSE
174,frame_0013.jpg,5.2,0.3732,0.2714,0.125,1,4,1,FALSE,FALSE
175,frame_0025.jpg,10,0.373,0.2711,0.125,1,3,1,FALSE,FALSE
176,frame_0273.jpg,109.2,0.3727,0.4724,0.375,0.12,5,3,FALSE,FALSE
177,frame_0178.jpg,71.2,0.3702,0.5264,0.25,0.16,5,2,FALSE,FALSE
178,frame_0189.jpg,75.6,0.3702,0.4835,0.375,0.08,3,3,FALSE,FALSE
179,frame_0088.jpg,35.2,0.3694,0.4128,0.25,0.44,4,2,FALSE,FALSE
180,frame_0193.jpg,77.2,0.3679,0.4148,0.375,0.24,6,3,FALSE,FALSE
181,frame_0117.jpg,46.8,0.3676,0.4252,0.25,0.4,4,2,FALSE,FALSE
182,frame_0109.jpg,43.6,0.3665,0.476,0.375,0.08,5,3,FALSE,FALSE
183,frame_0012.jpg,4.8,0.3647,0.2543,0.125,1,3,1,FALSE,FALSE
184,frame_0194.jpg,77.6,0.3633,0.3896,0.375,0.28,5,3,FALSE,FALSE
185,frame_0208.jpg,83.2,0.3619,0.4199,0,0.76,3,0,FALSE,FALSE
186,frame_0232.jpg,92.8,0.3606,0.4912,0.25,0.2,4,2,FALSE,FALSE
187,frame_0218.jpg,87.2,0.3594,0.4248,0.25,0.36,3,2,FALSE,FALSE
188,frame_0080.jpg,32,0.3588,0.3386,0.125,0.76,4,1,FALSE,FALSE
189,frame_0372.jpg,148.8,0.3574,0.5168,0.25,0.12,7,2,FALSE,FALSE
190,frame_0090.jpg,36,0.3566,0.4192,0.25,0.36,5,2,FALSE,FALSE
191,frame_0108.jpg,43.2,0.3561,0.4712,0.375,0.04,6,3,FALSE,FALSE
192,frame_0118.jpg,47.2,0.3559,0.5358,0,0.44,2,0,FALSE,FALSE
193,frame_0173.jpg,69.2,0.3498,0.4806,0.125,0.36,6,1,FALSE,FALSE
194,frame_0174.jpg,69.6,0.3494,0.4208,0.25,0.32,5,2,FALSE,FALSE
195,frame_0086.jpg,34.4,0.349,0.34,0.25,0.52,5,2,FALSE,FALSE
196,frame_0230.jpg,92,0.3487,0.4994,0.25,0.12,6,2,FALSE,FALSE
197,frame_0190.jpg,76,0.3462,0.4943,0.25,0.12,3,2,FALSE,FALSE
198,frame_0222.jpg,88.8,0.3442,0.3834,0.375,0.2,5,3,FALSE,FALSE
199,frame_0104.jpg,41.6,0.3441,0.4901,0.25,0.12,4,2,FALSE,FALSE
200,frame_0325.jpg,130,0.341,0.366,0.5,0.04,6,4,FALSE,FALSE
201,frame_0172.jpg,68.8,0.3396,0.3692,0.25,0.4,5,2,FALSE,FALSE
202,frame_0093.jpg,37.2,0.3388,0.3566,0.375,0.24,5,3,FALSE,FALSE
203,frame_0202.jpg,80.8,0.3377,0.2855,0.25,0.6,5,2,FALSE,FALSE
204,frame_0268.jpg,107.2,0.3375,0.418,0.375,0.08,6,3,FALSE,FALSE
205,frame_0271.jpg,108.4,0.3372,0.5085,0.25,0.04,3,2,FALSE,FALSE
206,frame_0181.jpg,72.4,0.3357,0.5053,0.25,0.04,6,2,FALSE,FALSE
207,frame_0226.jpg,90.4,0.325,0.4839,0.25,0.04,4,2,FALSE,FALSE
208,frame_0213.jpg,85.2,0.324,0.274,0.25,0.56,4,2,FALSE,FALSE
209,frame_0219.jpg,87.6,0.3231,0.3682,0.25,0.32,3,2,FALSE,FALSE
210,frame_0267.jpg,106.8,0.3217,0.3704,0.375,0.12,5,3,FALSE,FALSE
211,frame_0179.jpg,71.6,0.3203,0.3676,0.375,0.12,6,3,FALSE,FALSE
212,frame_0282.jpg,112.8,0.3163,0.3655,0.125,0.48,4,1,FALSE,FALSE
213,frame_0022.jpg,8.8,0.3148,0.2296,0,1,2,0,FALSE,FALSE
214,frame_0211.jpg,84.4,0.3137,0.2964,0.125,0.64,2,1,FALSE,FALSE
215,frame_0116.jpg,46.4,0.312,0.4051,0.125,0.36,7,1,FALSE,FALSE
216,frame_0191.jpg,76.4,0.3096,0.4053,0.25,0.16,4,2,FALSE,FALSE
217,frame_0200.jpg,80,0.3076,0.3323,0.125,0.52,2,1,FALSE,FALSE
218,frame_0217.jpg,86.8,0.3061,0.3772,0.125,0.4,1,1,FALSE,FALSE
219,frame_0101.jpg,40.4,0.3032,0.4244,0.25,0.08,6,2,FALSE,FALSE
220,frame_0212.jpg,84.8,0.3032,0.2914,0.125,0.6,2,1,FALSE,FALSE
221,frame_0394.jpg,157.6,0.3012,0.4204,0.25,0.08,4,2,FALSE,FALSE
222,frame_0214.jpg,85.6,0.298,0.3129,0.125,0.52,3,1,FALSE,FALSE
223,frame_0323.jpg,129.2,0.2979,0.4729,0.125,0.12,6,1,FALSE,FALSE
224,frame_0324.jpg,129.6,0.2958,0.4095,0.25,0.08,4,2,FALSE,FALSE
225,frame_0203.jpg,81.2,0.2949,0.2588,0.125,0.64,3,1,FALSE,FALSE
226,frame_0206.jpg,82.4,0.2947,0.2104,0.125,0.76,3,1,FALSE,FALSE
227,frame_0220.jpg,88,0.2942,0.3264,0.25,0.28,4,2,FALSE,FALSE
228,frame_0310.jpg,124,0.2935,0.33,0.375,0.08,5,3,FALSE,FALSE
229,frame_0091.jpg,36.4,0.2924,0.3819,0.125,0.32,3,1,FALSE,FALSE
230,frame_0224.jpg,89.6,0.2873,0.5266,0,0.12,5,0,FALSE,FALSE
231,frame_0092.jpg,36.8,0.2866,0.3861,0.125,0.28,4,1,FALSE,FALSE
232,frame_0223.jpg,89.2,0.2864,0.3589,0.25,0.16,5,2,FALSE,FALSE
233,frame_0314.jpg,125.6,0.2821,0.3821,0.25,0.08,6,2,FALSE,FALSE
234,frame_0100.jpg,40,0.2774,0.3888,0.25,0.04,5,2,FALSE,FALSE
235,frame_0102.jpg,40.8,0.2766,0.4302,0.125,0.12,4,1,FALSE,FALSE
236,frame_0192.jpg,76.8,0.2754,0.3208,0.25,0.2,5,2,FALSE,FALSE
237,frame_0195.jpg,78,0.2742,0.3453,0.125,0.32,3,1,FALSE,FALSE
238,frame_0309.jpg,123.6,0.2694,0.3407,0.25,0.12,6,2,FALSE,FALSE
239,frame_0215.jpg,86,0.2668,0.2665,0.125,0.48,3,1,FALSE,FALSE
240,frame_0205.jpg,82,0.2605,0.233,0,0.72,2,0,FALSE,FALSE
241,frame_0112.jpg,44.8,0.2591,0.4382,0,0.2,5,0,FALSE,FALSE
242,frame_0269.jpg,107.6,0.2538,0.4166,0.125,0.04,5,1,FALSE,FALSE
243,frame_0221.jpg,88.4,0.25,0.2541,0.25,0.24,4,2,FALSE,FALSE
244,frame_0171.jpg,68.4,0.2484,0.2458,0.125,0.44,5,1,FALSE,FALSE
245,frame_0198.jpg,79.2,0.2482,0.2454,0.125,0.44,2,1,FALSE,FALSE
246,frame_0393.jpg,157.2,0.2442,0.3974,0.125,0.04,4,1,FALSE,FALSE
247,frame_0110.jpg,44,0.2384,0.2788,0.25,0.12,4,2,FALSE,FALSE
248,frame_0311.jpg,124.4,0.2366,0.3823,0.125,0.04,4,1,FALSE,FALSE
249,frame_0204.jpg,81.6,0.2362,0.2003,0,0.68,2,0,FALSE,FALSE
250,frame_0196.jpg,78.4,0.2354,0.2519,0.125,0.36,2,1,FALSE,FALSE
251,frame_0307.jpg,122.8,0.2303,0.3806,0,0.2,7,0,FALSE,FALSE
252,frame_0201.jpg,80.4,0.1958,0.1676,0,0.56,3,0,FALSE,FALSE
253,frame_0199.jpg,79.6,0.194,0.196,0,0.48,1,0,FALSE,FALSE
254,frame_0180.jpg,72,0.1802,0.3284,0,0.08,7,0,FALSE,FALSE
255,frame_0197.jpg,78.8,0.1699,0.1798,0,0.4,1,0,FALSE,FALSE
256,frame_0313.jpg,125.2,0.1676,0.3191,0,0.04,3,0,FALSE,FALSE
